graph,seed,INF,time
graph250,"[(), (3,)]",9.851,17.462172508239746
graph250,"[(17,), (3,)]",13.854,32.41775298118591
